Name,Age,Gender,Country,Satisfaction Score,Feedback Comments,Timestamp
Connor Santiago,46,Other,Italy,9,Wall technology include activity.,2025-02-18 04:13:22
Dylan Rodriguez,57,Female,Madagascar,8,Go sign what however only score.,2025-01-18 19:18:04
Scott Mccoy,38,Female,Costa Rica,9,In foot account.,2025-03-15 13:29:09
Stephanie Clark,22,Male,British Virgin Islands,3,Class single human all.,2025-01-20 22:39:43
Louis Fisher,59,Other,Saint Martin,1,Serve manager agreement reveal.,2025-03-18 05:19:32
Carol Hill,44,Other,Vanuatu,8,Not team discuss stop modern deep.,2025-02-28 01:53:18
Jessica Clark,39,Female,Marshall Islands,7,About top middle attorney though better together kind.,2025-03-23 23:28:38
Robin Knight,61,Female,Turks and Caicos Islands,3,Four television than partner.,2025-01-14 09:00:46
Patricia Martinez,59,Other,Saint Kitts and Nevis,1,Imagine real common prove quickly under action.,2025-03-10 01:44:44
Kevin Taylor,55,Male,Cocos (Keeling) Islands,9,Manage when anyone street city statement.,2025-03-04 01:27:03
Brandon Mcdaniel,54,Male,Puerto Rico,4,Official care history kid also evidence.,2025-03-22 21:09:40
Kristin Brown,26,Male,Antigua and Barbuda,4,Exactly great body PM bill region receive.,2025-02-19 09:07:16
Kurt Brown,40,Other,New Caledonia,4,Number yet news guy billion table military.,2025-01-05 08:47:19
David Diaz,41,Male,Rwanda,10,Reach within visit break away everything mission.,2025-03-26 16:55:00
Corey Haney,30,Other,Dominican Republic,5,Gun ball owner officer.,2025-02-20 13:36:32
Alexander Ferguson,34,Female,Botswana,3,Reduce idea rich list conference write.,2025-03-23 21:57:01
Kyle Boyd,52,Female,Monaco,6,Rather woman spring individual push dog.,2025-03-20 20:08:38
James Robinson,46,Male,Zambia,4,Lay prevent also my much.,2025-01-01 00:59:40
Stephanie Molina,25,Female,Portugal,9,But somebody just trial.,2025-01-01 01:36:49
Stephanie Harris,30,Female,Nauru,6,Place maintain glass think find out run.,2025-02-01 15:17:26
Justin Barnett,60,Other,Cyprus,10,Available campaign wonder activity rock think today machine.,2025-02-25 18:46:41
Bonnie Riley,49,Female,Myanmar,8,Career teacher wall let often.,2025-03-04 19:50:00
John Young,60,Other,Finland,3,Will fight home site.,2025-01-07 20:16:04
Lauren Moore,28,Female,Palau,5,Us cost total direction.,2025-02-18 22:34:25
Perry West,36,Male,Denmark,8,Financial human relate let tree notice pass.,2025-02-12 11:41:19
Brandon Lee,58,Other,Kyrgyz Republic,9,Recently practice kind big.,2025-03-07 08:33:52
Kara Leon,31,Male,Kiribati,1,Without whom look letter.,2025-03-21 02:08:24
Erin Castillo,48,Female,Djibouti,5,Industry range name.,2025-03-02 00:18:43
Vanessa Winters,59,Other,Saint Barthelemy,9,White long art these PM.,2025-01-09 08:01:59
Victoria Obrien,53,Other,Mauritius,7,Early century they mention development study sea people.,2025-03-01 03:02:38
William Brown,51,Other,Israel,2,Too science around general light employee effect deep.,2025-01-13 20:52:50
Ryan Pierce,26,Other,Christmas Island,5,Both sense garden responsibility TV.,2025-03-14 10:02:39
Joe Wilson,22,Other,Austria,4,Sister particularly daughter see to build record.,2025-02-08 18:56:24
Joseph Gonzales,51,Other,Cook Islands,2,Successful put summer family.,2025-02-04 07:16:40
Jamie Middleton,38,Other,French Guiana,6,Hear identify improve prove mouth.,2025-02-25 13:34:58
Patricia Baldwin,26,Male,Fiji,5,Expect interest send guy manage.,2025-01-11 02:27:39
Kathleen Smith,28,Male,Dominican Republic,3,Six be appear away.,2025-03-07 09:27:52
Debbie Walsh,43,Female,Qatar,7,Mrs suddenly prove task.,2025-03-15 00:11:56
Joshua Hubbard,25,Female,United States of America,6,Many man surface let attack.,2025-01-08 09:55:21
Jill Ortiz,27,Female,Saint Vincent and the Grenadines,9,Trial chance maintain choice beautiful.,2025-03-06 11:16:22
Steven Moore,18,Other,Niger,10,Together far take kitchen.,2025-03-07 00:16:13
Michael Lee,32,Male,Botswana,9,Idea rather including discussion million appear either.,2025-03-14 13:34:52
Daniel Simon,44,Male,Ghana,2,According himself kitchen here street.,2025-01-10 18:04:13
Jill Cooper,37,Female,American Samoa,4,Into white police where apply matter good stay.,2025-03-10 16:34:58
Cristina Jones,35,Female,Uruguay,7,Heart maybe husband huge land shake likely response.,2025-01-24 20:08:52
Allen Guerrero,28,Male,Equatorial Guinea,7,Interest wait what house economy full hospital.,2025-01-09 16:45:55
Robert Hardy,60,Female,Ghana,5,Decide similar try spring.,2025-01-27 11:13:48
Barbara Hall,19,Male,Italy,3,Senior suddenly improve crime kid news movie.,2025-01-17 19:15:41
Melissa Pacheco,56,Female,Djibouti,1,Race enough really play produce let.,2025-03-25 08:27:44
Michelle Parks,55,Other,Uganda,2,Carry attention single summer.,2025-03-01 02:57:57
David Cline,58,Male,Aruba,5,Check rock pass subject give support unit.,2025-02-02 13:43:43
Timothy Medina,55,Female,Honduras,8,Out maintain result pressure activity high.,2025-02-12 05:00:51
Sandra Smith,30,Other,Cambodia,3,First beat significant need yeah.,2025-02-12 02:53:08
Sara Wood,38,Female,Brunei Darussalam,8,Financial crime person medical full.,2025-02-19 19:31:30
Betty Williams,24,Male,Central African Republic,9,Policy even either training.,2025-03-22 22:54:27
Joel Taylor,34,Male,Kiribati,2,Somebody star ok hear.,2025-03-04 12:51:01
Samantha Coleman,26,Female,Denmark,3,Enter visit artist push out share.,2025-01-01 04:56:52
Lisa Marquez,63,Female,Gibraltar,4,Guess prove I between wife bit.,2025-01-01 17:03:11
Christine Ellis,20,Female,Taiwan,7,Finish bad modern career much same clear.,2025-01-14 11:24:32
Lindsay Washington,33,Female,Mozambique,9,Force authority eye grow political.,2025-01-30 21:57:50
Amanda Miller,44,Male,Gabon,3,Gun meet professional move instead recently operation.,2025-02-09 09:58:59
Mary Phillips,35,Other,Panama,8,Life realize PM church.,2025-01-30 14:27:42
Destiny Russell,24,Female,Croatia,8,Peace society that yard hold happy pick.,2025-03-16 05:30:34
Dr. Yesenia Myers,57,Other,Greenland,1,International amount impact hope begin commercial fish.,2025-01-24 17:02:51
Chad Chung,61,Male,Morocco,2,Cause final loss cause front.,2025-01-01 18:30:52
Alex Thompson,52,Male,Timor-Leste,1,Food network call reach environment film their.,2025-03-04 04:53:52
Stephanie Anderson,18,Male,Australia,10,Citizen entire step sport can decade.,2025-01-03 21:48:18
Benjamin Pacheco,44,Male,Trinidad and Tobago,2,Start sure provide expect.,2025-03-09 22:13:31
Michelle Phillips,31,Female,Ecuador,6,Maybe just consumer unit model significant.,2025-03-21 08:20:10
Joshua Berry,32,Female,Saint Helena,7,Set friend today democratic because.,2025-02-02 17:46:08
Jose Gross,40,Other,Antigua and Barbuda,8,She trip present scientist deal hundred.,2025-03-06 16:42:20
Brittany Lozano,38,Female,Netherlands Antilles,2,Life write direction necessary.,2025-03-25 20:08:53
Jason Hall,51,Male,Jordan,6,Machine much present task.,2025-01-09 08:59:30
Kenneth Christensen,36,Other,Mauritania,6,Seven window late have international bed at.,2025-03-16 11:13:28
Tiffany Elliott,44,Male,Cayman Islands,8,Number character game.,2025-02-20 06:28:20
Mary Reese,65,Male,Switzerland,9,Little investment available service.,2025-02-27 17:14:44
Mrs. Natalie Miller,48,Female,Tuvalu,5,Front beat care somebody.,2025-03-26 14:50:24
Hunter Sweeney,40,Other,Saudi Arabia,8,Myself before focus up.,2025-03-23 15:02:26
Anna Parker,25,Female,Korea,10,Above part per down.,2025-03-01 11:50:59
Charles Trevino,21,Male,Chad,10,Firm if hope control require.,2025-01-18 06:26:00
Kayla Dean,63,Other,Albania,10,Hard seat another degree.,2025-01-27 19:24:11
Logan Mccarthy,56,Female,Sierra Leone,1,Owner from key inside value mention officer.,2025-01-31 22:16:03
Jessica Campbell,47,Female,Lesotho,2,Possible politics since member expect leave.,2025-03-09 20:17:31
James Thompson,25,Female,Sao Tome and Principe,1,Agency check especially.,2025-03-22 20:34:26
Susan Castillo,28,Other,United Kingdom,4,Charge but age especially less which.,2025-02-15 04:23:51
Justin Rivas,21,Male,Bhutan,6,Ask receive until seven poor grow.,2025-02-16 13:06:56
Maria Crawford,62,Male,Serbia,3,Service choice whose you authority.,2025-03-11 20:13:43
Marcus Rodriguez,22,Female,Saint Kitts and Nevis,10,Little enough amount stay south always visit.,2025-02-17 03:13:48
Timothy Thomas,32,Female,British Indian Ocean Territory (Chagos Archipelago),10,Beyond see inside wind.,2025-02-04 19:35:52
Rebecca Nichols,38,Male,United Arab Emirates,4,Serious forget never might of include.,2025-02-13 12:00:21
Sara Hunt,65,Other,Greenland,4,Of example remember read finally eye.,2025-01-19 22:59:48
Jennifer Byrd,52,Other,France,9,Assume surface fish on rich fund safe.,2025-01-19 11:51:32
Craig Burke,24,Female,Qatar,7,Local few than during base across.,2025-01-13 22:30:36
Samuel Ferguson,30,Other,Denmark,9,Peace focus question drug six.,2025-01-08 11:36:35
Brian Wood,42,Female,Samoa,5,Town staff budget major purpose they total.,2025-01-14 01:54:35
Timothy Henry,44,Other,Peru,3,Indeed issue hundred across doctor foot.,2025-02-09 14:55:44
Chase Sandoval,56,Female,Bouvet Island (Bouvetoya),6,Body citizen loss to follow.,2025-02-18 14:08:05
Lisa Thomas,56,Other,Kuwait,4,Class list budget finish clearly sell from.,2025-01-22 22:36:25
Mike Pierce,37,Other,Peru,3,Between draw carry matter table.,2025-01-29 03:17:38
Kimberly King,28,Other,New Caledonia,9,Stand least another above future lay money.,2025-03-03 21:29:35
